CRD Search Term,Profile CRD No.,Profile URL
100100,1467498,https://brokercheck.finra.org/individual/summary/1467498
100100,1462136,https://brokercheck.finra.org/individual/summary/1462136
100100,4053253,https://brokercheck.finra.org/individual/summary/4053253
100100,4227304,https://brokercheck.finra.org/individual/summary/4227304
100100,2085858,https://brokercheck.finra.org/individual/summary/2085858
100100,5465347,https://brokercheck.finra.org/individual/summary/5465347
100100,1013750,https://brokercheck.finra.org/individual/summary/1013750
100100,2415346,https://brokercheck.finra.org/individual/summary/2415346
100100,3066690,https://brokercheck.finra.org/individual/summary/3066690
100100,3088312,https://brokercheck.finra.org/individual/summary/3088312
100100,3067873,https://brokercheck.finra.org/individual/summary/3067873
100100,1852244,https://brokercheck.finra.org/individual/summary/1852244
100100,1852244,https://brokercheck.finra.org/individual/summary/1852244
100100,6569466,https://brokercheck.finra.org/individual/summary/6569466
100100,209370,https://brokercheck.finra.org/individual/summary/209370
100100,2767394,https://brokercheck.finra.org/individual/summary/2767394
100100,2231110,https://brokercheck.finra.org/individual/summary/2231110
100100,2874586,https://brokercheck.finra.org/individual/summary/2874586
100100,1330760,https://brokercheck.finra.org/individual/summary/1330760
100100,5014005,https://brokercheck.finra.org/individual/summary/5014005
100100,4528621,https://brokercheck.finra.org/individual/summary/4528621
